{
  "version": 1,
  "author": "Uri Shaked",
  "editor": "wokwi",
  "parts": [
    { "type": "wokwi-esp32-devkit-v1", "id": "esp", "top": 0, "left": 0, "attrs": {} },
    {
      "type": "wokwi-led",
      "id": "led1",
      "top": 28.53,
      "left": 134.26,
      "attrs": { "color": "red" }
    },
    {
      "type": "wokwi-resistor",
      "id": "r1",
      "top": 102.47,
      "left": 93.5,
      "rotate": 90,
      "attrs": { "value": "1000" }
    }
  ],
  "connections": [
    [ "esp:TX0", "$serialMonitor:RX", "", [] ],
    [ "esp:RX0", "$serialMonitor:TX", "", [] ],
    [ "esp:D5", "led1:A", "green", [ "h0" ] ],
    [ "esp:GND.1", "r1:2", "black", [ "h0" ] ],
    [ "r1:1", "led1:C", "black", [ "h0" ] ]
  ],
  "serialMonitor": { "display": "terminal" }
}